{
  "best_model_name": "random_forest",
  "model_performance": {
    "random_forest": 0.3076923076923077,
    "gradient_boosting": 0.23076923076923078,
    "svm": 0.0,
    "neural_network": 0.15384615384615385
  },
  "feature_count": 30,
  "training_date": "2025-08-21T08:35:10.497550"
}