{
  "best_model_name": "gradient_boosting",
  "model_performance": {
    "random_forest": 0.23076923076923078,
    "gradient_boosting": 0.38461538461538464,
    "svm": 0.0,
    "neural_network": 0.07692307692307693
  },
  "feature_count": 25,
  "training_date": "2025-08-21T11:26:42.112343"
}